url,name
https://www.sozialversicherung.at/cdscontent/load?contentid=10008.789362&version=1721799287,Mb_2406.xlsx
https://www.sozialversicherung.at/cdscontent/load?contentid=10008.788998&version=1719835098,Mb_2405.xlsx
https://www.sozialversicherung.at/cdscontent/load?contentid=10008.788258&version=1716451880,Mb_2404.xlsx
https://www.sozialversicherung.at/cdscontent/load?contentid=10008.787522&version=1713881975,Mb_2403.xlsx
https://www.sozialversicherung.at/cdscontent/load?contentid=10008.786907&version=1711379033,Mb_2402.xlsx
https://www.sozialversicherung.at/cdscontent/load?contentid=10008.785987&version=1708608116,Mb_2401.xlsx
https://www.sozialversicherung.at/cdscontent/load?contentid=10008.785290&version=1705920072,Mb_2312.xlsx
https://www.sozialversicherung.at/cdscontent/load?contentid=10008.784721&version=1703168372,Mb_2311.xlsx
https://www.sozialversicherung.at/cdscontent/load?contentid=10008.783109&version=1700744291,Mb_2310.xlsx
https://www.sozialversicherung.at/cdscontent/load?contentid=10008.781806&version=1698223121,Mb_2309.xlsx
https://www.sozialversicherung.at/cdscontent/load?contentid=10008.781356&version=1696854745,Monatsbericht_2308.xlsx
https://www.sozialversicherung.at/cdscontent/load?contentid=10008.781355&version=1696854717,Monatsbericht_2307.xlsx
https://www.sozialversicherung.at/cdscontent/load?contentid=10008.781354&version=1696854680,Monatsbericht_2306.xlsx
https://www.sozialversicherung.at/cdscontent/load?contentid=10008.781353&version=1696854650,Monatsbericht_2305.xlsx
https://www.sozialversicherung.at/cdscontent/load?contentid=10008.781352&version=1696854625,Monatsbericht_2304.xlsx
https://www.sozialversicherung.at/cdscontent/load?contentid=10008.781351&version=1696854594,Monatsbericht_2303.xlsx
https://www.sozialversicherung.at/cdscontent/load?contentid=10008.781350&version=1696854558,Monatsbericht_2302.xlsx
https://www.sozialversicherung.at/cdscontent/load?contentid=10008.781349&version=1696854499,Monatsbericht_2301.xlsx
https://www.sozialversicherung.at/cdscontent/load?contentid=10008.781368&version=1696855268,Monatsbericht_2212.xlsx
https://www.sozialversicherung.at/cdscontent/load?contentid=10008.781367&version=1696855236,Monatsbericht_2211.xlsx
https://www.sozialversicherung.at/cdscontent/load?contentid=10008.781366&version=1696855207,Monatsbericht_2210.xlsx
https://www.sozialversicherung.at/cdscontent/load?contentid=10008.781365&version=1696855170,Monatsbericht_2209.xlsx
https://www.sozialversicherung.at/cdscontent/load?contentid=10008.781363&version=1696855102,Monatsbericht_2208.xlsx
https://www.sozialversicherung.at/cdscontent/load?contentid=10008.781362&version=1696855072,Monatsbericht_2207.xlsx
https://www.sozialversicherung.at/cdscontent/load?contentid=10008.781364&version=1696855136,Monatsbericht_2206.xlsx
https://www.sozialversicherung.at/cdscontent/load?contentid=10008.781361&version=1696855023,Monatsbericht_2205.xlsx
https://www.sozialversicherung.at/cdscontent/load?contentid=10008.781360&version=1696854979,Monatsbericht_2204.xlsx
https://www.sozialversicherung.at/cdscontent/load?contentid=10008.781359&version=1696854940,Monatsbericht_2203.xlsx
https://www.sozialversicherung.at/cdscontent/load?contentid=10008.781358&version=1696854914,Monatsbericht_2202.xlsx
https://www.sozialversicherung.at/cdscontent/load?contentid=10008.781357&version=1696854886,Monarsbericht_2201.xlsx
